Date,Investment_AAPL,Investment_GOOGL,Investment_MSFT,Investment_META,Investment_AMZN,CASH
2023-10-27,0.007969321109713157,-0.0008995747464835002,0.00585562231236092,0.02906190393618857,0.06832817596387053,0.0002
2023-10-30,0.0123053144691474,0.018744372595563386,0.022740365665079976,0.01998449769150401,0.03890715515891663,0.0002
2023-10-31,0.0028187210053438605,-0.0030531897798489194,0.0023717055527556763,-0.004592612172074406,0.002863386331097839,0.0002
2023-11-01,0.018738654330385796,0.01910058027079309,0.02354263405400614,0.035118000464699595,0.0293786159741527,0.0002
2023-11-02,0.0206932229694774,0.008224594701462973,0.006501574825902301,-0.003142536475869817,0.00781021897810219,0.0002
2023-11-03,-0.005181055358450148,0.012628441446387972,0.012861736334405238,0.01199858461736425,0.003838632577678025,0.0002
2023-11-06,0.014605151429380125,0.008907823392718894,0.010572562358276638,0.00381436745073116,0.008225108225108357,0.0002
2023-11-07,0.01445070579702068,0.005527831094049862,0.011219252236838395,0.009563014566181138,0.02125375697724352,0.0002
2023-11-08,0.005884941150588352,0.006642742612812169,0.007405763736721083,0.0030111034439495032,-0.004414546983392831,0.0002
2023-11-09,-0.002624528405052118,-0.012135922330097082,-0.006910792951541844,0.0024079054349865903,-0.01041666666666674,0.0002
2023-11-10,0.021873800778466235,0.018043611793611802,0.02489672572014756,0.025643425362657846,0.021052631578947434,0.0002
2023-11-13,-0.008583690987124415,-0.003771023455765854,-0.00808829496578034,0.001277488821972872,-0.006756756756756799,0.0002
2023-11-14,0.014285714285714235,0.01158301158301156,0.009790553070797348,0.021628846562775417,0.022512097622554128,0.0002
2023-11-15,0.0030409731113956173,0.007483909594372173,-0.0016204391390065576,-0.010704409622074973,-0.017832647462277196,0.0002
2023-11-16,0.009042072230200704,0.01715941167731394,0.017583249925609223,0.004448318355324554,-0.002583798882681343,0.0002
2023-11-17,-0.00010542406831481888,-0.011830862484481175,-0.016800914480155194,0.0025434632993208695,0.01645312609395777,0.0002
2023-11-20,0.009278296167430922,0.006947010568324474,0.020521833175611626,0.014714660936007595,0.006543601046976155,0.0002
2023-11-21,-0.004230869678767291,0.005284403669724824,-0.01157799915218316,-0.0087948936670883,-0.015260384589064424,0.0002
2023-11-22,0.0035144775493076708,0.011097320581149317,0.012812608893773447,0.013383583595465653,0.019527449617790182,0.0002
2023-11-24,-0.0070043385081804965,-0.012997328326955104,-0.0011115522032553171,-0.009546399601745303,0.00020448503851144828,0.0002
2023-11-27,-0.0009475180291624863,-0.002048430755724695,0.0031264075457702045,-0.010436685095940756,0.006746626686656487,0.0002
2023-11-28,0.0032140787185837016,0.005791364269481569,0.0108026729352102,0.012817448461308611,-0.004738374060786477,0.0002
2023-11-29,-0.005409663865546199,-0.016107871720116518,-0.01006009929448648,-0.02003008938316775,-0.004828946473508844,0.0002
2023-11-30,0.003062787136294043,-0.01822357211645309,0.0001583740266595246,-0.015201685731487058,-0.0015718972115910113,0.0002
2023-12-01,0.006791260858120651,-0.005055459141326435,-0.011612256208598404,-0.007122115237658488,0.006434389759737202,0.0002
2023-12-04,-0.009464547165864867,-0.019642044592749874,-0.014338735948305814,-0.014777415183794163,-0.014894919404203177,0.0002
2023-12-05,0.02106318956870612,0.013305484644542398,0.009156417619331503,-0.005405912130491686,0.014084507042253502,0.0002
2023-12-06,-0.005687105780167512,-0.007405145430948945,-0.00998604101793188,-0.0026391027050803872,-0.016067538126361525,0.0002
2023-12-07,0.010139351081530856,0.05314566989693881,0.005829718004338291,0.02879193573791139,0.016329919734292764,0.0002
2023-12-08,0.007412364235342528,-0.014167822975242772,0.008842162016444277,0.01886156955203777,0.003676470588235281,0.0002
2023-12-11,-0.012927290378621392,-0.012593525446329523,-0.007829409721294422,-0.022449286250939227,-0.010378510378510342,0.0002
2023-12-12,0.007920074541878153,-0.005776877485182519,0.008295179100457739,0.027484013772749893,0.01089862224964011,0.0002
2023-12-13,0.016691489908068347,0.00037730153939019573,-2.671082856986473e-05,0.0015558614086528255,0.009221589368050065,0.0002
2023-12-14,0.0007577288341078514,-0.004752206381534285,-0.022544541496380632,-0.004690207325088069,-0.009540446116635404,0.0002
2023-12-15,-0.0027257584170411464,0.005002273760800424,0.013117262864482226,0.005252573761142854,0.017297517297517384,0.0002
2023-12-18,-0.008503315280660062,0.024132730015083093,0.005178971218946282,0.02896214021258814,0.027338801093552023,0.0002
2023-12-19,0.005360151105212152,0.006259204712812938,0.001636924728297462,0.016656026928210776,-0.0018173557473875057,0.0002
2023-12-20,-0.010713923022240168,0.012367361873399263,-0.00707281787493963,-0.0030825436693687758,-0.01085896352168536,0.0002
2023-12-21,-0.0007699019658163886,0.01503541997975999,0.0078786897630998,0.013771186440677985,0.01130686300289252,0.0002
2023-12-22,-0.005547565235257901,0.007619997151403046,0.002784173047063243,-0.001976898528622595,-0.002730109204368225,0.0002
2023-12-26,-0.0028409090909089496,0.00021202911866557983,0.00021357253457221503,0.0040748181895355895,-6.518055012383339e-05,0.0002
2023-12-27,0.0005180005180005498,-0.008126059920859241,-0.0015747611167459263,0.008454752980300517,-0.0004562935923342337,0.0002
2023-12-28,0.0022262490292519477,-0.0009973641091401975,0.003234688694629284,0.0013693653410837836,0.0002608582235554824,0.0002
2023-12-29,-0.00542411406137,-0.0038508165157241647,0.0020251545512686153,-0.012167894619334763,-0.009388446994393007,0.0002
2024-01-02,-0.0357866306549629,-0.010881237024840784,-0.013748537389639437,-0.021669115154254626,-0.013228906147163322,0.0002
2024-01-03,-0.007487610428786873,0.0054280958239849575,-0.0007280179038476886,-0.005255710531635316,-0.009737877676249007,0.0002
2024-01-04,-0.012700135685210334,-0.018211920529801362,-0.007177549919050286,0.0076929776177896425,-0.02626793291574059,0.0002
2024-01-05,-0.004012973448408452,-0.00483906444754012,-0.0005163885416100689,0.013914496427748224,0.004634433146572636,0.0002
2024-01-08,0.024174853736615542,0.022913136373683196,0.01887151597552683,0.01906520812615442,0.026576700633434314,0.0002
2024-01-09,-0.0022634188402673727,0.015197349467012344,0.0029357602284556528,-0.0034294317738248203,0.015224681421864616,0.0002
2024-01-10,0.005671383817651643,0.00943597020219955,0.018574203677585777,0.03648266793498034,0.015590936116799847,0.0002
2024-01-11,-0.0032225146355873147,-0.0014056789429293115,0.004859314993338026,-0.0021594191162577214,0.009432121251545134,0.0002
2024-01-12,0.0017781130448837335,0.004011824324324342,0.009983620622416423,0.0130386560986826,-0.003608712462946251,0.0002
2024-01-16,-0.012317125645438853,-0.0011216263582194408,0.004633562437253769,-0.01877219685438869,-0.009442504203854618,0.0002
2024-01-17,-0.005173446604585297,-0.0071583970804969255,-0.002049862915417422,0.0024764600228597278,-0.009467223818229176,0.0002
2024-01-18,0.03257061528355587,0.014207959284654015,0.011297404164633873,0.021065776257567004,0.011798826708852461,0.0002
2024-01-19,0.015533054127127244,0.020211876219682123,0.012186762129636763,0.019461356445909628,0.0119869706840392,0.0002
2024-01-22,0.012163290874921628,-0.002664298401420906,-0.005418014899541079,-0.004355196244621218,-0.0036049954937557027,0.0002
2024-01-23,0.006653257001392632,0.0071922734433864655,0.0060275907291114095,0.008958038661009082,0.008011370978162624,0.0002
2024-01-24,-0.003483963520852562,0.011289445048966229,0.009175231887691204,0.0142782969885773,0.005448019484681321,0.0002
2024-01-25,-0.0016966580976864876,0.021318090114324173,0.005738275039745666,0.006347581264397384,0.005609740549499476,0.0002
2024-01-26,-0.009012720811659936,0.002074142358596154,-0.0023217329019191713,0.002441629787883315,0.008684627575277437,0.0002
2024-01-29,-0.003585905830994718,0.008706508525807344,0.01433416681108124,0.017455726391637505,0.013448969331322225,0.0002
2024-01-30,-0.019245814426537278,-0.01335417888085455,-0.002757981060236392,-0.0023938955663058703,-0.014014634751333244,0.0002
2024-01-31,-0.019357583492873753,-0.07500330120163745,-0.026946327614479015,-0.024796280557916384,-0.023899371069182496,0.0002
2024-02-01,0.013340563991323329,0.007566024268379712,0.015594345792041775,0.011893166555595469,0.02628865979381456,0.0002
2024-02-02,-0.005405116129722942,0.0086426749787476,0.01842587547674479,0.20317645270783746,0.07866649924660973,0.0002
2024-02-05,0.00984665052461664,0.009130495856159548,-0.01354506103788733,-0.03280069054085344,-0.008730574471800256,0.0002
2024-02-06,0.008631713554987153,0.002923162583518879,-0.0003944286946874209,-0.010208746000304747,-0.006811109153895822,0.0002
2024-02-07,0.0005810882197569978,0.009993060374739793,0.021110261658733975,0.032701442646023704,0.00815843925509907,0.0002
2024-02-08,-0.005754712000422435,0.0025422564243506862,0.0001449100350199295,0.0008731020677612555,-0.0040462088782032835,0.0002
2024-02-09,0.0028143585386575243,0.02117743814680284,0.015551423534809539,-0.004021276595744694,0.02714319359397077,0.0002
2024-02-12,-0.009001853322742837,-0.009865771812080482,-0.012578765901795297,0.0016876375210954642,-0.012095156205216284,0.0002
2024-02-13,-0.011274378840502308,-0.01620009489595342,-0.021528680826470192,-0.018724674770740024,-0.021469188812812012,0.0002
2024-02-14,-0.00480977086035439,0.005511919525974962,0.00780173262453232,0.028601234460575498,0.013875711574952598,0.0002
2024-02-15,-0.0015748031496062298,-0.021721255310401477,-0.00715524188624872,0.022713826910074397,-0.006901391975669524,0.0002
2024-02-16,-0.008430327423039286,-0.015759613364152103,-0.006149153876426561,-0.02212672768216839,-0.0017078916372204045,0.0002
2024-02-20,-0.004113871976304084,0.004269854824935804,-0.003143097559768271,-0.003316994844925203,-0.014335437437319243,0.0002
2024-02-21,0.004185944040537404,0.010133219954648665,-0.0015144368032969924,-0.007885532591415001,0.009037586784773621,0.0002
2024-02-22,0.011243966652040527,0.010803226937916355,0.023546670644984724,0.03867273465376164,0.03552998398481533,0.0002
2024-02-23,-0.010034170418180777,-0.0009022138940939506,-0.003182315073484765,-0.00431983214366527,0.0023484935273228036,0.0002
2024-02-26,-0.007451238220469114,-0.044387329813837306,-0.006823609689525667,-0.004731111707951929,-0.0014857991885252053,0.0002
2024-02-27,0.008114374034003058,0.009522424947299601,-0.00014722481228834905,0.0110225432806077,-0.006810507640359398,0.0002
2024-02-28,-0.006625417510814247,-0.018001152073732762,0.0005889859625012317,-0.00622112719433332,-0.0021896968998501576,0.0002
2024-02-29,-0.0036930878624186203,0.015251503152954982,0.014519768468556737,0.012623445312177184,0.02079002079002068,0.0002
2024-03-01,-0.006030428769018048,-0.009533439260436372,0.004496663765593212,0.02483014710382969,0.008259787282190567,0.0002
2024-03-04,-0.025381275743070253,-0.027635992416508603,-0.001395908543922908,-0.008182361138761696,-0.0035910672202894567,0.0002
2024-03-05,-0.02844089091947455,-0.00509936257967758,-0.029571965680131207,-0.015997912443043716,-0.01948417614596243,0.0002
2024-03-06,-0.005878203620973466,-0.009572623803421942,-0.0013907860424686724,0.011974215658275833,-0.0035033310360671477,0.0002
2024-03-07,-0.0007095553453169146,0.02267884322678837,0.017533388047452192,0.03245378862706372,0.019076710276064723,0.0002
2024-03-08,0.010236686390532546,0.00766483107605298,-0.0071369213472159965,-0.012182978972646974,-0.008313539192399078,0.0002
2024-03-11,0.01183154688689747,0.016690052433350422,-0.004184924425188474,-0.044194090325131,-0.01933276304533782,0.0002
2024-03-12,0.002778581765557009,0.006028909711629282,0.026599426480767407,0.033416737318803236,0.019946499185857114,0.0002
2024-03-13,-0.01212261155688965,0.009314079422382715,-0.0004334424966286887,-0.008364182091045502,0.0066423399281603235,0.0002
2024-03-14,0.010927365160988689,0.023678374704914518,0.024379667549987882,-0.007546865225901533,0.012432386508453463,0.0002
2024-03-15,-0.0021965317919074856,-0.013417190775681265,-0.020695169559286963,-0.015716812719842155,-0.02422377622377625,0.0002
2024-03-18,0.006372378635152387,0.046040515653775316,0.002161279477450595,0.02660607312538721,0.0003439972480219211,0.0002
2024-03-19,0.01358507943817644,-0.004401408450704247,0.009800632608070625,-0.0014889935208660665,0.00813846859238887,0.0002
2024-03-20,0.014709223080417777,0.011630279534788901,0.009064806245699053,0.018700628728034685,0.012791358726549129,0.0002
2024-03-21,-0.04085744668942737,-0.007664380798709236,0.009735907626460927,0.004431080867225878,0.0,0.0002
2024-03-22,0.005310147633774909,0.021476964769647777,-0.0014672659943638644,0.003584370568772588,0.004041538029750269,0.0002
2024-03-25,-0.008300441142326531,-0.004642833454931439,-0.013714605588468487,-0.012873346677656161,0.004696148040476356,0.0002
2024-03-26,-0.00667251975417027,0.003998134204038051,-0.0028614671522491086,-0.01417438670430593,-0.00784597406933396,0.0002
2024-03-27,0.02121265688527485,0.0013274042609678904,-0.000521759753349893,-0.004093649801367172,0.008581043185642123,0.0002
2024-03-28,-0.010559113726847924,0.00039769337840533936,-0.0016847400517285838,-0.01676588506864296,0.0030584440860812467,0.0002
2024-04-01,-0.008455796594354914,0.030212681375472172,0.00915097927362618,0.01188269698093003,0.0032708726022840917,0.0002
2024-04-02,-0.0069987649238369976,-0.005981092031641988,-0.007372164778481793,0.012251958888775727,-0.0015472177709012769,0.0002
2024-04-03,0.00479744136460547,0.0023291925465838137,-0.002349088838268787,0.01883909363250691,0.009519065803309523,0.0002
2024-04-04,-0.004892425582080806,-0.028337206300025786,-0.0061124985134973775,0.00824880609385481,-0.013211994956416895,0.0002
2024-04-05,0.004501836275322857,0.013087092273965206,0.018282760601129544,0.03213810381272997,0.028166666666666673,0.0002
2024-04-08,-0.006663521641703141,0.015409836065573668,-0.002185561195713448,-0.015341146129631777,0.0006484033068567818,0.0002
2024-04-09,0.007242505194419602,0.011301259283177378,0.003980310417108335,-0.00452575830524804,0.002591932609752101,0.0002
2024-04-10,-0.011139270348323183,-0.002937420178799499,-0.007084545369240858,0.005668407815825338,0.0015080519200731946,0.0002
2024-04-11,0.04327095005364168,0.020942743691559018,0.011033407361905168,0.006405940403593435,0.01667114815810722,0.0002
2024-04-12,0.008626599634369292,-0.010538862053823483,-0.014091089664197476,-0.021523052221117833,-0.015445649299127284,0.0002
2024-04-15,-0.02186349476069105,-0.01819565079566332,-0.019578099075610367,-0.022797421371361537,-0.013485198517165342,0.0002
2024-04-16,-0.01916729399502004,-0.0029704248999096183,0.002272507494439635,-0.0009395677988125462,-0.0016338089532731415,0.0002
2024-04-17,-0.008147360963513983,0.006930051813471394,-0.006609098364609989,-0.011185368977108978,-0.01112808204233029,0.0002
2024-04-18,-0.005714285714285783,0.003473338907827861,-0.018380924630924667,0.01544003075864575,-0.011363636363636354,0.0002
2024-04-19,-0.012212643678160884,-0.012306903403627945,-0.012739011056966842,-0.041311279394181,-0.0256109809173084,0.0002
2024-04-22,0.005090909090909035,0.014212473229930467,0.00461014231308865,0.0013719417132642686,0.01488862165721816,0.0002
2024-04-23,0.006391702846116676,0.012669567443050811,0.016485434956105438,0.029829987752475473,0.013033910737459742,0.0002
2024-04-24,0.012702216896345098,0.0054972829521040545,0.0036558137252495904,-0.005240878855069631,-0.016430878912777058,0.0002
2024-04-25,0.0051473198438052314,-0.01966945264877773,-0.02449518408057494,-0.105612968591692,-0.01653547766011676,0.0002
2024-04-26,-0.003472835364058957,0.1022435897435896,0.018243785084202102,0.004327336988535935,0.03426037887948419,0.0002
2024-04-29,0.024808033077377445,-0.03373073567897633,-0.01001673557786964,-0.024070021881838155,0.007460193742345078,0.0002
2024-04-30,-0.0182708933717578,-0.020282876918447212,-0.03211932877563706,-0.005663168600619439,-0.032935455349248466,0.0002
2024-05-01,-0.006047085070157943,0.006634721710283786,0.014409369943235939,0.020968454332008335,0.02285714285714291,0.0002
2024-05-02,0.022031896042528087,0.016843647015745145,0.007342887527219233,0.005669527994717649,0.03195530726256979,0.0002
2024-05-03,0.05981621684101013,0.003721041891729726,0.022169716468932288,0.023274769063575285,0.008066262451277728,0.0002
2024-05-06,-0.009106772821463549,0.00514231045204494,0.016918310136231796,0.03035666873174625,0.0133719993555661,0.0002
2024-05-07,0.0037972593693247347,0.0187388459250446,-0.01015621221647256,0.00549733722728063,0.00031796502384739966,0.0002
2024-05-08,0.0018640350877192624,-0.010919708029197062,0.0029315483461183067,0.009311464206389841,-0.004026276753549385,0.0002
2024-05-09,0.010014227864725722,0.0034242531585784164,0.00433575291080035,0.005966991112992037,0.007978723404255428,0.0002
2024-05-10,-0.008235357858806913,-0.007707695928453773,0.005869227784245368,0.0016406545791090021,-0.01065963060686026,0.0002
2024-05-13,0.017645452062277966,0.0029054254372959942,-0.002459372136760285,-0.017198656026879422,-0.00485385107744829,0.0002
2024-05-14,0.006173502254670504,0.00709471443774401,0.006864546069805577,0.008204952885622063,0.0026799592646191694,0.0002
2024-05-15,0.012217894680680796,0.012739227427497779,0.015652006913769778,0.02053618734767415,-0.005773239963649868,0.0002
2024-05-16,0.0006325110689437974,0.00968059822618983,-0.0049399640729884675,-0.0172571333637912,-0.0126888542394753,0.0002
2024-05-17,0.00015802781289497858,0.010793432081754428,-0.0018527756003706708,-0.002789341335080131,0.005826934596743438,0.0002
2024-05-20,0.006162110917996566,0.004884698398273324,0.012208181623474035,-0.006505477739399579,-0.006280454791553813,0.0002
2024-05-21,0.006857202680067065,0.005256613158489687,0.008698923214369714,-0.008979609248357612,-0.002124877410918491,0.0002
2024-05-22,-0.007538341564855666,-0.008265392184425124,0.0034495618124184,0.006779588059316,-0.0001092001092001249,0.0002
2024-05-23,-0.021058145625982294,-0.016044903050232318,-0.008176159063458144,-0.004275514130574254,-0.011358051657292534,0.0002
2024-05-24,0.016588184931506822,0.008297320656871277,0.007400468384074932,0.026707887844046763,-0.00165700082850051,0.0002
2024-05-28,5.263711969694107e-05,0.008057603291616644,0.00037195462153616354,0.003554849232570767,0.007745504840940498,0.0002
2024-05-29,0.001579030475288068,-0.0028344671201814275,-0.0026724298196689755,-0.011585264210701829,-0.000713697502058741,0.0002
2024-05-30,0.0052551368963160705,-0.021546333143831697,-0.03378614535032742,-0.015410236950838985,-0.01483353477639826,0.0002
2024-05-31,0.005018558210047708,0.002265992679100437,0.001109315841512526,-0.0004710416443636234,-0.01606067365603392,0.0002
2024-06-03,0.009258777633289972,0.003884057971014432,-0.0038783031821357783,0.022834864940128208,0.010768533212423437,0.0002
2024-06-04,0.0016492295005927637,0.003580296818155526,0.00616656993615794,-0.0010471423485308717,0.005607267018055362,0.0002
2024-06-05,0.007820941600205966,0.009321595028482621,0.01908332732472906,0.03788339378184036,0.010817441730790689,0.0002
2024-06-06,-0.0070965436258744186,0.007525226611937663,0.001202801820711752,-0.002625944329980201,0.020520741394527864,0.0002
2024-06-07,0.012392019744960958,-0.012844451988909489,-0.0015782530858380328,-0.0016202203499676715,-0.003783783783783745,0.0002
2024-06-10,-0.019147747473208354,0.0031525851197982124,0.009484487436593136,0.01955533917559249,0.0149755832881171,0.0002
2024-06-11,0.07264913007456508,0.00919947431575352,0.011241732301867424,0.009689614007162728,0.0009087993157275154,0.0002
2024-06-12,0.028578324885348616,0.00662439134865811,0.019367662013497267,0.0026996669753875935,-0.0018159482988837627,0.0002
2024-06-13,0.005491153142159977,-0.014792732999606262,0.0011789779168367431,-0.009315305400518725,-0.016373267697575966,0.0002
2024-06-14,-0.008168409260642218,0.009305777574788676,0.002241949363648743,0.00011902400317387318,-0.0009247674481859258,0.0002
2024-06-17,0.019671513953597675,0.002545392838961602,0.01310527148247731,0.004899238337035872,0.00217793749319406,0.0002
2024-06-18,-0.010984446393132341,-0.012130444594899648,-0.004527510761201725,-0.014093125160373421,-0.0067912637183527025,0.0002
2024-06-20,-0.02151290307527176,0.006910731623736455,-0.0014338844826813357,0.004424513003263186,0.01799682730704011,0.0002
2024-06-21,-0.010444486837085099,0.0188882586500283,0.009154139555755059,-0.01379310344827589,0.01601289629231606,0.0002
2024-06-24,0.0031326810930645266,-0.0022824695206813406,-0.004691182355818335,0.008347144185294475,-0.018563570975248633,0.0002
2024-06-25,0.004468146439896348,0.026838522486329675,0.007326825563473083,0.023431079753863493,0.004149377593360981,0.0002
2024-06-26,0.019993303678193852,-0.0008150844970928883,0.002683224304246723,0.004935370152761465,0.03901470430396059,0.0002
2024-06-27,0.00398593200468933,0.008320643898194424,0.0015260084925690087,0.012550670408481235,0.0218996952636743,0.0002
2024-06-28,-0.01625408687529184,-0.017582654657246066,-0.013028596665562664,-0.029524982677650136,-0.02324993682082388,0.0002
2024-07-01,0.02910454847592825,0.004611583859456481,0.02188164224186151,0.0009123001864266289,0.02043984476067262,0.0002
2024-07-02,0.016239907727797043,0.012295753866331527,0.005583167297965819,0.00955060632479987,0.014198782961460488,0.0002
2024-07-03,0.0058110500749080085,0.0031310732023319687,0.003244208326075526,0.0009028459273796585,-0.012050000000000005,0.0002
2024-07-05,0.02162040171518842,0.025723818749327387,0.014736202443735635,0.05873009647815519,0.012196973531049204,0.0002
2024-07-08,0.006538835380401231,-0.008237145855194083,-0.0028231670801608377,-0.019614380174473367,-0.003550000000000053,0.0002
2024-07-09,0.0037749100166799554,-0.00026450827910917685,-0.014370281400137297,0.0012846671200785753,0.0002508906618496898,0.0002
2024-07-10,0.01880356830505492,0.011641443538998875,0.014601558079818888,0.008849056603773775,0.002257449583625837,0.0002
2024-07-11,-0.02322087732852607,-0.02934407364787117,-0.024772117962466478,-0.04112663412444595,-0.02372491115671449,0.0002
2024-07-12,0.01305092938436525,-0.002694401034650018,-0.002529140092368598,-0.026974839087185565,-0.0028710587028967227,0.0002
2024-07-15,0.016743298343020685,0.007888906900091808,0.0009039797155769858,-0.005432276945897652,-0.009100724973006402,0.0002
2024-07-16,0.0017918088737201021,-0.013992387283546903,-0.009780597409463354,-0.01283860045146723,0.0015566625155667424,0.0002
2024-07-17,-0.025295971382335414,-0.0157677250978685,-0.013347570742124892,-0.05675901917148163,-0.026370324318723437,0.0002
2024-07-18,-0.020534778049632996,-0.018395757374875754,-0.007102272727272707,0.030000649364704923,-0.022242324269674874,0.0002
2024-07-19,0.0005798911588901223,-0.0001688333614722204,-0.007402865771964473,0.001975412419880307,-0.0033741496598639342,0.0002
2024-07-22,-0.001560340600062382,0.02257120342226715,0.01333760380682203,0.022252983493781242,-0.0031671490198218466,0.0002
2024-07-23,0.004688337203071935,0.0006605383387461305,0.004312096446471347,0.002646696758309419,0.021144891810462862,0.0002
2024-07-24,-0.028754277587662802,-0.050387810110567144,-0.03585478251095886,-0.05610918987497193,-0.029934016415428255,0.0002
2024-07-25,-0.004804612427930732,-0.030991137114058986,-0.024481231056190267,-0.017039911548550668,-0.005419454736492968,0.0002
2024-07-26,0.002161018897420597,-0.0016738402678144748,0.016419694072657753,0.027105710063739075,0.014734500973033082,0.0002
2024-07-29,0.0012846393833731984,0.015149700598802385,0.003433113081101613,2.1473051320608505e-05,0.003835616438356171,0.0002
2024-07-30,0.002565982404692191,0.004482982363003485,-0.008928362196236495,-0.005411092740117196,-0.00813318777292571,0.0002
2024-07-31,0.014990859232175469,0.007340419284749489,-0.010805826160976029,0.02513007621062635,0.029002256342523625,0.0002
2024-08-01,-0.016750720461095048,-0.004547044421126301,-0.002964025337635956,0.04824884695575271,-0.015563161835490447,0.0002
2024-08-02,0.006869389998168218,-0.024010306863433972,-0.020666011363908776,-0.01928717804476232,-0.08784701472265977,0.0002
2024-08-05,-0.0481670153734195,-0.04446177847113886,-0.03265685818502295,-0.025423034375384068,-0.04097677188802851,0.0002
2024-08-06,-0.009748172217709294,-0.006028257456828889,0.011286853093761984,0.03859331974018865,0.0056514718668487784,0.0002
2024-08-07,0.01249819041644562,0.004106387011181933,-0.0029528790570806374,-0.010463680705944167,0.005187426665843375,0.0002
2024-08-08,0.016633304737394106,0.019441298603246615,0.010691965966418193,0.0423586680847583,0.018615223935614766,0.0002
2024-08-09,0.013735877361586546,0.01012158242300809,0.008269388363256969,0.01597237211310154,0.006875753920385863,0.0002
2024-08-12,0.005965593784683643,-0.008431600171075915,0.00194571695975565,-0.003515074260772022,-0.0008386246555648347,0.0002
2024-08-13,0.01719303084632018,0.011522583030377787,0.01769867997345198,0.024401589301288773,0.02056354916067127,0.0002
2024-08-14,0.002033714466488812,-0.023087231968810906,0.006883891693437505,-0.003367767813221234,-0.0007636726781412584,0.0002
2024-08-15,0.013530579108785856,0.005799089605287744,0.010003358441682986,0.020066064241780035,0.04403292181069962,0.0002
2024-08-16,0.005918476326094657,0.010291382517048975,-0.006080326817566317,-0.01844304245063566,-0.00298440227490282,0.0002
2024-08-19,-0.0007078080070781478,0.022766323024054902,0.007312352139938305,0.003526601190702028,0.006551451485372173,0.0002
2024-08-20,0.002744698747177754,0.003059938801224016,0.007757454985410472,-0.004817865779927377,0.0037032880709235716,0.0002
2024-08-21,-0.0004856297735198467,-0.007955497069027428,-0.001553672316384258,0.016004404533631833,0.006876118067978609,0.0002
2024-08-22,-0.008259717314487602,-0.012360566777208204,-0.020252746734568672,-0.0060355781448538925,-0.022097607017933618,0.0002
2024-08-23,0.010288157484523275,0.011111111111111072,0.0029839971122609388,-0.007388190175398934,0.005166638278544244,0.0002
2024-08-26,0.0014988538176687882,0.0032604757879481916,-0.007917656373713444,-0.013030303030303059,-0.008698599186624412,0.0002
2024-08-27,0.003741526542829554,-0.008907077515647455,0.0008464533604197744,-0.0038762665029167254,-0.013561253561253483,0.0002
2024-08-28,-0.006753497346840276,-0.01111246052951187,-0.007829112700560525,-0.004469273743016866,-0.013401109057301297,0.0002
2024-08-29,0.014570179698882857,-0.006570463616825228,0.006137359961032596,0.0027864855451062986,0.007728337236533989,0.0002
2024-08-30,-0.003437921580573544,0.009889974038818083,0.009730828814872083,0.005962718536528744,0.03706716244480601,0.0002
2024-09-03,-0.027205240174672407,-0.036846615252784765,-0.018459030541305044,-0.018319234236826354,-0.012605042016806678,0.0002
2024-09-04,-0.008618754769493253,-0.0057829181494662985,-0.0013188745603751606,0.0019149601375645364,-0.016567375886524793,0.0002
2024-09-05,0.0069277790355444235,0.005049536593160875,-0.0012472487160675172,0.008035261536061267,0.026308198234581193,0.0002
2024-09-06,-0.007015019336271244,-0.04019333502925482,-0.016381400132226553,-0.03209766667956515,-0.03653943448198327,0.0002
2024-09-09,0.0004075717779186139,-0.01464351974556044,0.010007468259895624,0.009035121034641325,0.023396930976136376,0.0002
2024-09-10,-0.003621384274138717,-0.0003362248671912038,0.020901114068815785,0.0,0.023660205245153998,0.0002
2024-09-11,0.011585116532642603,0.01681689761872729,0.02134234669241919,0.01394639354979299,0.027680311890838194,0.0002
2024-09-12,0.0004940267672686183,0.023352738819793606,0.009360816944024242,0.0269034640407948,0.013440277476696183,0.0002
2024-09-13,-0.0012120123894600043,0.017906781304544594,0.008407494145199035,-0.0018645357686454256,-0.0027272727272726893,0.0002
2024-09-16,-0.027775280898876487,0.003810491553410289,0.0017417961401797744,0.016507186153787545,-0.008579548501260192,0.0002
2024-09-17,0.0021727071005916976,0.00797165633303809,0.00883293921268602,0.005691194119411991,0.010763156471415458,0.0002
2024-09-18,0.01798975967526184,0.0030755711775043437,-0.009973572331379965,0.003048581523917848,-0.002407962328767055,0.0002
2024-09-19,0.03706556708505149,0.014579813528565078,0.018291126018430415,0.03931592155404773,0.018451965885318833,0.0002
2024-09-20,-0.0029274260497226257,0.00894288886147776,-0.007795937906038497,0.004024324807726742,0.00911149734028549,0.0002
2024-09-23,-0.007581069237510896,-0.010636346964973509,-0.004043467273186718,0.00545114456221607,0.011899791231732681,0.0002
2024-09-24,0.003974036296198191,0.002718566573988168,-0.010011303084127232,-0.0019135025956307228,0.0004126263668249308,0.0002
2024-09-25,-0.004398117605664775,-0.0049294472857229765,0.006850432229652537,0.008840288995792811,-0.007372654155496039,0.0002
2024-09-26,0.005080178468878316,0.007678494024397686,-0.001851380435537231,-0.0008270134257709616,-0.007115774165065258,0.0002
2024-09-27,0.0011867088607593335,0.007497081054507415,-0.007627924230831695,-0.0008453085376162184,-0.01668759154634858,0.0002
2024-09-30,0.022871943456692634,0.011588899054589819,0.005326853885332605,0.008953750705019914,-0.00872479651008129,0.0002
2024-10-01,-0.02914163090128752,0.006873681037081747,-0.022333255867999058,0.0070400391307385846,-0.006440186765416245,0.0002
2024-10-02,0.0025197825029839027,-0.006766872267800483,-0.008462288145665409,-0.006348986070394136,-0.001998595581483298,0.0002
2024-10-03,-0.004894611517770597,0.0,-0.0014144271570013522,0.017387964595590333,-0.015154795410261879,0.0002
2024-10-04,0.005007311561129102,0.007235017484625628,-0.001152350314495676,0.02259896700241959,0.02500549571334343,0.0002
2024-10-07,-0.02253086419753092,-0.02442236322279423,-0.0156708167091284,-0.018726717454777497,-0.030614980430003658,0.0002
2024-10-08,0.018404077766250193,0.008590011044300017,0.012623919519460847,0.013868463353739813,0.010619469026548645,0.0002
2024-10-09,0.01669840988616733,-0.015330332157196591,0.006631139832654176,-0.004014235355630835,0.01340849387040266,0.0002
2024-10-10,-0.002178269582643555,0.0013591993080439568,-0.0038806113160542166,-0.011312255507950675,0.007992655397742743,0.0002
2024-10-11,-0.006505413901501833,0.007156959526159801,0.001154290111581524,0.010482503468475457,0.011626038039110664,0.0002
2024-10-14,0.016479894528675043,0.010536633178142685,0.006773635664873101,0.000796677684549385,-0.006778942908590158,0.0002
2024-10-15,0.011024643320363126,0.0030310378273521454,-0.0009543350670420114,-0.007028894685139342,0.0007998293697344394,0.0002
2024-10-16,-0.008851828094932568,-0.0018131270397679922,-0.006256865835602032,-0.016170024050352283,-0.004262347487879015,0.0002
2024-10-17,0.0015963413581845387,-0.013502058609832779,0.0014418917619918314,0.0002427226546923844,0.0034244742896891722,0.0002
2024-10-18,0.012276545337066569,0.0030074265021786672,0.00345555768861594,-0.0007973237654480547,0.007785420999306902,0.0002
2024-10-21,0.006297872340425448,0.003977481336433719,0.0014826860531853558,-0.0022724512984197975,0.0004233028202549338,0.0002
2024-10-22,-0.0026217861975641465,0.006521606631315846,0.020846267730073142,0.011909729466583308,0.0033320992225100987,0.0002
2024-10-23,-0.021622996692953533,-0.014290904686932171,-0.006806858319103548,-0.03147712238621314,-0.0263046916183447,0.0002
2024-10-24,-0.0008233662679840714,-0.00036859565057134613,0.0003061705134244086,0.0072557611453101245,0.00904119971847761,0.0002
2024-10-25,0.0036431452487313276,0.015671091445427887,0.008052174322510597,0.009634013174116829,0.007779804700075221,0.0002
2024-10-28,0.00859945551186203,0.008773522115326449,-0.003643582856475591,0.008565198430004362,0.0029814193685777646,0.0002
2024-10-29,0.0011568123393315144,0.01775431861804222,0.012564757729904619,0.026151930261519407,0.012951855194012651,0.0002
2024-10-30,-0.015277956091924505,0.02817067421027808,0.0013427480032410788,-0.002494606256742249,0.009956505790494008,0.0002
2024-10-31,-0.018209474141677506,-0.019202109366043718,-0.06052759346172509,-0.04092598850963147,-0.032843874850827515,0.0002
2024-11-01,-0.01327962462927712,0.0010519548828238356,0.009892949427833031,-0.0007399837908314,0.06185622317596562,0.0002
2024-11-04,-0.004037503925351071,-0.011968007472706987,-0.004654336330628506,-0.011425347344664716,-0.010862426110241019,0.0002
2024-11-05,0.006486194315571403,0.0029543843063106756,0.007344660431866101,0.020956695441249895,0.01900091939932569,0.0002
2024-11-06,-0.0032669501006936663,0.039884529280075354,0.021192825548048466,-0.0006638366263124196,0.03804511278195499,0.0002
2024-11-07,0.021372126436781658,0.024021301909240345,0.012494645152077766,0.03435014421816285,0.014293302428895593,0.0002
2024-11-08,-0.0022859152452961995,-0.01327800829875525,-0.006793126953905437,-0.003988507689707599,-0.008902642228040936,0.0002
2024-11-11,-0.012028551286570432,0.011213905242500655,-0.01072087849671044,-0.010469338582142829,-0.006436737438754947,0.0002
2024-11-12,0.0,0.007041863044080943,0.012009282074591399,0.002829363650393768,0.01000773544768907,0.0002
2024-11-13,0.0039691388306650754,-0.015086444224204465,0.005129659834999911,-0.008241852193837551,0.024843233928485864,0.0002
2024-11-14,0.01377043354655294,-0.018448121645796012,0.00397460018814666,-0.004896551724137943,-0.012237272302662361,0.0002
2024-11-15,-0.014109192884059207,-0.017598815354823993,-0.02785260840029047,-0.03998891122045867,-0.04194250047285786,0.0002
2024-11-18,0.013422222222222224,0.016290799466635697,0.001831325301204778,0.0005775339301183902,-0.0044913873945018334,0.0002
2024-11-19,0.0011402508551880963,0.01608670849971472,0.004882624591110218,0.012067099567099726,0.014427367377293221,0.0002
2024-11-20,0.0031540213772560666,-0.012014372333258527,-0.005505158093779161,0.007895346557593275,-0.008455109720932552,0.0002
2024-11-21,-0.002096069868995576,-0.04744857370155697,-0.006305807600664237,-0.0042969302588766745,-0.02218059936908512,0.0002
2024-11-22,0.005907579205321145,-0.0171210403865657,0.010003148690871155,-0.007014864408886767,-0.00635144671841914,0.0002
2024-11-25,0.013050854830991332,0.017540665210002526,0.004292565947242366,0.010677111278034168,0.021966314935064846,0.0002
2024-11-26,0.00940438871473348,0.008768267223381976,0.02196805081305664,0.014917449700058372,0.03181931000248217,0.0002
2024-11-27,-0.0005530502850336072,0.0006504257332071717,-0.011682515946634275,-0.007567039787983232,-0.010199172519965383,0.0002
2024-11-29,0.010215808964372464,-0.0016545529752407528,0.0011111373791341528,0.008995080815179302,0.010450082628560287,0.0002
2024-12-02,0.009522605654573857,0.01503403373779233,0.017758465970811876,0.03222941913915589,0.013564866034922352,0.0002
2024-12-03,0.012771818523310774,-0.0008746865706455997,0.0005104645227156368,0.03511968017812861,0.012956195719235009,0.0002
2024-12-04,0.0014836183803832448,0.017684136804015482,0.014424860853432309,0.00021184714413746697,0.022113943028485794,0.0002
2024-12-05,0.00012345170980609943,-0.009921431438894457,0.011887888070961417,-0.007901854084525484,0.010955262192886117,0.0002
2024-12-06,-0.0008229098090848375,0.01199026876737741,0.0021463106050336744,0.024370617312334808,0.029381092722738478,0.0002
2024-12-09,0.016101136550815243,0.0037776887413427662,0.00552336722501523,-0.016352181092389673,-0.004140421970664665,0.0002
2024-12-10,0.004133738601823644,0.05588184980327293,-0.006031119680731778,0.00937138386818126,-0.004644168251581315,0.0002
2024-12-11,-0.005166081446502768,0.055246530215477874,0.0127670132858142,0.02157204676096347,0.02319587628865971,0.0002
2024-12-12,0.005963730780153442,-0.017604912998976485,0.0012695160248556991,-0.0029872921540115005,-0.005602362546686335,0.0002
2024-12-13,0.000685594450717808,-0.01114815586580542,-0.00509386956134894,-0.01655067455095982,-0.006594750403983052,0.0002
2024-12-16,0.011727723370813736,0.03603413760404606,0.00965859547924075,0.006270653663254633,0.024048184296139974,0.0002
2024-12-17,0.009719566602931717,-0.0063052984846944105,0.006355322305631184,-0.0076893502499038036,-0.0076417807925127645,0.0002
2024-12-18,-0.021421808426700273,-0.03592262818544667,-0.03756106147955818,-0.03591954022988508,-0.04598745403417692,0.0002
2024-12-19,0.007014714775246844,0.0005838641188959937,-0.0008230640846841331,-0.002712704499405527,0.01256121893705786,0.0002
2024-12-20,0.01881580527643223,0.01538379926794331,-0.000983914147770104,-0.01732793794180376,0.007299923865824676,0.0002
2024-12-23,0.0030649534362843234,0.016822527558643774,-0.003092075125973537,0.02494660401537807,0.0006224435354793556,0.0002
2024-12-24,0.011478042856583048,0.007604172018702338,0.009373923032739873,0.013169959156455802,0.01772860570514534,0.0002
2024-12-26,0.003175832687838831,-0.0026005813064097216,-0.0027769558190881005,-0.007239819004524861,-0.008731717965509755,0.0002
2024-12-27,-0.013242220677939898,-0.01451942740286305,-0.017301590924653665,-0.00586724123643001,-0.014534243558687598,0.0002
2024-12-30,-0.013263429711647623,-0.007885453413571164,-0.013239495505539711,-0.014287857821643435,-0.010949720670391017,0.0002
2024-12-31,-0.007057890563045177,-0.010144321271700507,-0.0078384294894428,-0.009691495839253106,-0.008630817894261344,0.0002
2025-01-02,-0.026235923648270876,0.0006867406233490581,-0.006927639383155437,0.023449642192276743,0.003783217101964498,0.0002
2025-01-03,-0.002009432027885949,0.01245842791532481,0.011395671078407998,0.008994726653761331,0.01802742711833627,0.0002
2025-01-06,0.006738987508218219,0.026487303821888686,0.010629502775481248,0.04229032631526719,0.01525491770373355,0.0002
2025-01-07,-0.01138775510204082,-0.007009701833697313,-0.012808227182423804,-0.019533481434465316,-0.024164140415623203,0.0002
2025-01-08,0.0020230378597083654,-0.007877640800041052,0.00518502734569215,-0.011604007185744947,9.004547296376231e-05,0.0002
2025-01-10,-0.02410383189122367,-0.009847898943026512,-0.013213680045223275,0.008416295520041972,-0.014360959798316308,0.0002
2025-01-13,-0.010344099641123039,-0.005363465944594914,-0.0042009786370688085,-0.012226804793297186,-0.0021923814743765035,0.0002
2025-01-14,-0.004778156996587013,-0.007067692790953317,-0.0036434238596322333,-0.023145332303190713,-0.003204247917238945,0.0002
2025-01-15,0.01967592592592604,0.031055573130865932,0.025597228570741093,0.038485485906605055,0.025670462894930246,0.0002
2025-01-16,-0.040400218606802096,-0.01350038353362315,-0.004058079801083747,-0.009430904848327759,-0.012043877322587826,0.0002
2025-01-17,0.00753526680101646,0.01601783214970709,0.010480945875924519,0.002404711271061677,0.023928215353938187,0.0002
2025-01-21,-0.031915818766849346,0.010459183673469541,-0.0012353448476796203,0.006021835272614684,0.021111799592812286,0.0002
2025-01-22,0.005344951491196737,0.0016157535975762638,0.04130688448074671,0.011420043474029029,0.01863811711672647,0.0002
2025-01-23,-0.0007595049814592691,-0.0019660230881686225,0.0011429852084265946,0.020769847634322547,0.001744606612484656,0.0002
2025-01-24,-0.003934543503532173,0.011263764016567368,-0.005932260303104897,0.017346217299080813,-0.0024212046555093236,0.0002
2025-01-27,0.0317802316186373,-0.04195594625643073,-0.021393505382155564,0.019135430663021813,0.002427081115605745,0.0002
2025-01-28,0.03654398329417896,0.018195088890047506,0.02908689248895424,0.021897920834091034,0.011596295981649796,0.0002
2025-01-29,0.004616805170821969,0.0005632360471068409,-0.0108899821109123,0.003203179452196947,-0.00453495695989925,0.0002
2025-01-30,-0.007394719251336945,0.027941251727137795,-0.06180905658671121,0.015536075921299686,-0.010250137090310862,0.0002
2025-01-31,-0.006692200850204166,0.01568178423856237,0.00016867876334369925,0.0031732168850071574,0.012956017729287561,0.0002
2025-02-03,-0.033855932203389894,-0.0136751298892267,-0.009974461523635125,0.012014277837430143,-0.0010939077751599413,0.0002
2025-02-04,0.021007850532871464,0.025592605476320696,0.0035286673805119406,0.009649298884523816,0.019543425153736083,0.0002
2025-02-05,-0.0014175257731959823,-0.07292373291985654,0.002231006135266833,0.0009656484755533601,-0.024332810047095865,0.0002
2025-02-06,0.003226222738417883,0.0014111744107039303,0.006121609523578986,0.010101153404173724,0.011263073209975882,0.0002
2025-02-07,-0.023968784838350077,-0.03267223382045925,-0.014597662450098636,0.003553420694110798,-0.040530921576016454,0.0002
2025-02-10,8.786188112286375e-05,0.0060969029891011495,0.006028065893837864,0.004030677937636451,0.017412175430940424,0.0002
2025-02-11,0.021831759279595797,-0.006167211883949197,-0.0018921934889137848,0.003345413994981783,-0.0016299219353178573,0.0002
2025-02-12,0.018270140142722102,-0.009227282538311954,-0.005833171300797191,0.007752153375937709,-0.01645471730537884,0.0002
2025-02-13,0.01967323848524516,0.013779205925603,0.003667123019753582,0.004383909123493845,0.006290132354868305,0.0002
2025-02-14,0.012710636359872352,-0.004888793381325862,-0.005139572270667969,0.011131547161524091,-0.007336024655988149,0.0002
2025-02-18,-0.0005314799672935244,-0.007882092533606722,0.002962563964449272,-0.0275564363962153,-0.008877033409130708,0.0002
2025-02-19,0.001636192579866691,0.008162376884148559,0.012523191094619746,-0.017588676242723755,-8.824178248401093e-05,0.0002
2025-02-20,0.0039204475844325515,-0.00383224483186706,0.0032789256696483804,-0.012688804581042046,-0.016546794334377668,0.0002
2025-02-21,-0.0011389984948948495,-0.026549631556133546,-0.019032513877874746,-0.01624834494272076,-0.0282663316582914,0.0002
2025-02-24,0.006312360008144946,-0.0022820883891795374,-0.01031331912496014,-0.02255870089971468,-0.017868685935912842,0.0002
2025-02-25,-0.00024281667341163882,-0.021366806136680738,-0.015099009900990112,-0.0159100773801506,0.0004231112782662194,0.0002
2025-02-26,-0.027040155440414382,-0.015334625470299845,0.004599145513948244,0.02463878326996194,0.007283834586466087,0.0002
2025-02-27,-0.01273090364453322,-0.024489087014415545,-0.018012158206789697,-0.022947899658601778,-0.026172148355493308,0.0002
2025-02-28,0.01913190054782965,0.01056379821958453,0.011362188877283463,0.0151312591152164,0.016958896234550158,0.0002
2025-03-03,-0.015754217664571635,-0.019203664552501776,-0.021411118667976514,-0.019679736605806797,-0.0342001130582249,0.0002
2025-03-04,-0.008822417342351785,0.023411771750194488,0.0003088882596720133,-0.02297534539348134,-0.005950638962052501,0.0002
2025-03-05,-0.0008053236129360597,0.012286449801076627,0.031934330048120074,0.025734375000000087,0.022374877330716414,0.0002
2025-03-06,-0.0017392042080257575,-0.0038723846954110686,-0.010298738217545234,-0.04347494935031315,-0.03676329429832992,0.0002
2025-03-07,0.01589257638210162,0.008761241659414054,-0.00902013152258807,-0.0036150526332552335,-0.007224713502740343,0.0002
2025-03-10,-0.048479524825364995,-0.045956516737605035,-0.03343418677379162,-0.04422529808522191,-0.02363864491844425,0.0002
2025-03-11,-0.029189379286091,-0.011032736480376282,0.0007628367003365,0.012909914881519713,0.010537678626503677,0.0002
2025-03-12,-0.017478717623618967,0.018714947573762686,0.007412274937574015,0.02286572782354579,0.011699476066941328,0.0002
2025-03-13,-0.03364365379297618,-0.02603075818323275,-0.011741070263782682,-0.046678287817160546,-0.02513952436019906,0.0002
2025-03-14,0.018170545593285015,0.016773162939297315,0.02584681996990268,0.02871461465528924,0.020939708081902042,0.0002
2025-03-17,0.0023888706730994524,-0.007251193425584779,0.0003603047148446059,-0.004443712969058655,-0.011164435463500766,0.0002
2025-03-18,-0.006121495327102822,-0.022034207803274697,-0.013326472858245397,-0.03726235741444861,-0.014917748033105194,0.0002
2025-03-19,0.011989280173021921,0.02004107798593391,0.011211931581143197,0.0029191565354762528,0.014106420495799243,0.0002
2025-03-20,-0.005296413306076997,-0.006650802367441422,-0.002526945490175847,0.003321576550354477,-0.003017285465889308,0.0002
2025-03-21,0.019476879962634364,0.007309582309582341,0.011425912521972892,0.017491467576791875,0.006463195691202905,0.0002
2025-03-24,0.011270444861868123,0.02250137203488012,0.004651638296784721,0.0379035639412999,0.03593089037255992,0.0002
2025-03-25,0.013681873782449117,0.01717557251908386,0.005291543706115842,0.012054617435565795,0.01205352750172195,0.0002
2025-03-26,-0.009921787709497254,-0.03224671669793622,-0.013133920437291224,-0.024476696843416135,-0.022264352729570835,0.0002
2025-03-27,0.01047262221820966,-0.017084696474009453,0.0015642228889400922,-0.013748404203083542,0.001143539004623939,0.0002
2025-03-28,-0.026580299307571997,-0.048754930966469434,-0.03016027446361813,-0.04288227289322588,-0.042908224076281365,0.0002
2025-03-31,0.01941257457549339,0.002008682692930641,-0.009002111932418178,-0.0006588757499046416,-0.012764632627646377,0.0002
2025-04-01,0.004771980371854223,0.015713916192447108,0.01811449425930367,0.016725657575126673,0.010038894144854371,0.0002
2025-04-02,0.003136341233926254,-0.00019099764436236732,-0.00013082498233862871,-0.0035324232081912488,0.019982307332049754,0.0002
2025-04-03,-0.09245611684309252,-0.04024452368823228,-0.02363008321557536,-0.0895826554552771,-0.08979133717667465,0.0002
2025-04-04,-0.07288744524828983,-0.03397027600849256,-0.035565918897912274,-0.050581242240698265,-0.04153354632587858,0.0002
2025-04-07,-0.03673426053721196,0.007898351648351731,-0.005502445531347155,0.02282408416381032,0.02491228070175433,0.0002
2025-04-08,-0.049818141739226385,-0.013969335604770095,-0.009221483261610763,-0.011234866828087164,-0.026246719160104903,0.0002
2025-04-09,0.15328848161466202,0.09682100898410528,0.10133686823104693,0.14755607797041814,0.11977030352748153,0.0002
2025-04-10,-0.042393764143827006,-0.03711171318757489,-0.023406489282696064,-0.06739846697509266,-0.051700680272108834,0.0002
2025-04-11,0.040594475370234306,0.028268551236749095,0.018618067392159432,-0.0049790404363980745,0.020141264761063926,0.0002
2025-04-14,0.022053999495331933,0.012282041491663565,-0.0016475736903075466,-0.0222418455764668,-0.014875317790880027,0.0002
2025-04-15,-0.001876357890578828,-0.017350851826239966,-0.005363451174544176,-0.018740121923684905,-0.01389193938062816,0.0002
2025-04-16,-0.03893341248639548,-0.019064679163201315,-0.03660591605527186,-0.036834637214296584,-0.02928893590957171,0.0002
2025-04-17,0.013949657692901463,-0.014152481575686493,-0.010306504130674687,-0.0016523660687622899,-0.009866345436815194,0.0002
2025-04-21,-0.019392831759569518,-0.02308811854988102,-0.023546685518516464,-0.03354071947036774,-0.030647123573373625,0.0002
2025-04-22,0.03406502381445442,0.02573305342994514,0.02144130095789709,0.03222877893781195,0.035022710972985927,0.0002
2025-04-23,0.024331631120456443,0.025615633458770715,0.02063682460062144,0.03995762373071088,0.04284559417946632,0.0002
2025-04-24,0.01842619745845564,0.02529771483746379,0.034482758620689724,0.024756376496819055,0.03289036544850488,0.0002
2025-04-25,0.004367231367279345,0.016825715720743428,0.011747998967208906,0.026484103910719314,0.013133912297630612,0.0002
2025-04-28,0.004109327217125314,-0.008335391454680097,-0.0017608778869465658,0.004513311528130615,-0.0068257579766126675,0.0002
2025-04-29,0.005091843532882834,-0.0028018180686135707,0.007362716024133409,0.008549496125441092,-0.001651571656899331,0.0002
2025-04-30,0.006107665356754,-0.00849150849150837,0.0030961323723479595,-0.009811701897410097,-0.015849298254976274,0.0002
2025-05-01,0.0038588235294116924,0.015743073047858935,0.07625360522187918,0.04227686703096545,0.031341503090771106,0.0002
2025-05-02,-0.03736171010688172,0.01692498450092983,0.02322519981194171,0.04335820765103704,-0.0011566771819138122,0.0002
2025-05-05,-0.0314584855125396,0.0010973602389807713,0.002044660907921436,0.0037687179658973946,-0.01910727444994209,0.0002
2025-05-06,-0.0019106038513750923,-0.0059679678460509145,-0.006557076369305581,-0.019957615098369796,-0.007190770056345608,0.0002
2025-05-07,-0.011384816885799176,-0.07259694909024073,9.231266298970198e-05,0.01617544397337012,0.01999891897735262,0.0002
2025-05-08,0.006318471337579679,0.019157088122605304,0.011122649128879614,0.0020106901694008084,0.01785808913147169,0.0002
2025-05-09,0.005266089422249154,-0.009917033964220945,0.001278042768788401,-0.00923061487266097,0.005102040816326481,0.0002
2025-05-12,0.06175389109958185,0.037381342062193124,0.024001094066965933,0.07922496582220795,0.08070030042473841,0.0002
2025-05-13,0.010152284263959421,0.0067524927426478865,-0.00026710590749234875,0.02596062117823683,0.013084739263803824,0.0002
2025-05-14,-0.002817827455032118,0.036607534632984384,0.008460613617135015,0.0050759873786261345,-0.00529876519846717,0.0002
2025-05-15,-0.004144492064239724,-0.008526334885408438,0.00041948160904303755,-0.02347731133220099,-0.024161712247324663,0.0002
2025-05-16,-0.000898557578623782,0.013600878262990834,0.0025158343080351475,-0.005497918866869567,0.0020470829068577334,0.0002
2025-05-19,-0.011739089273880454,0.0021060232264276113,0.010126136438681987,0.00014055033263571381,0.0027725083904859282,0.0002
2025-05-20,-0.009196283168885877,-0.015371682478683812,-0.0015254865212369628,-0.005199631497587398,-0.01013775708187814,0.0002
2025-05-21,-0.0230590737696994,0.0279302353945603,-0.012222537486086038,-0.002511379689216775,-0.014455823981966875,0.0002
2025-05-22,-0.003612251966945368,0.013704318936877069,0.005059990719667784,0.0016837136113296847,0.00984486873508339,0.0002
2025-05-23,-0.030244338498212175,-0.014045765786855569,-0.010288880094974306,-0.014939441066968429,-0.010388970950270693,0.0002
2025-05-27,0.025298304911148595,0.02629548287528949,0.02334621706872797,0.024335789238669525,0.025026120702522414,0.0002
2025-05-28,0.0010488986564105574,-0.003123192596876767,-0.007228288002778416,0.001961639058413178,-0.006310066983787999,0.0002
2025-05-29,-0.002345075341782299,-0.0029009050823857185,0.0028861290886827984,0.0022840983249943214,0.004787026182102361,0.0002
2025-05-30,0.004501125281320295,-0.000698242755731382,0.0036626842242957203,0.0037826525075577155,-0.00335439961108408,0.0002
2025-06-02,0.004232013940751678,-0.015779666938395276,0.003497263011556173,0.0361549985327958,0.007999609775132921,0.0002
2025-06-03,0.007783837382250969,-0.01686091226409514,0.0021646427257180356,-0.006036667163511589,-0.004548753931768679,0.0002
2025-06-04,-0.002213804299699973,0.011252858346371353,0.0019439704516490686,0.03164129864287335,0.007389042827281145,0.0002
2025-06-05,-0.010797751701015712,0.0009520975900030315,0.00821350809494037,-0.004840468057271674,0.003281378178835226,0.0002
2025-06-06,0.016398345212580434,0.03251887521550434,0.005773178241532673,0.019120095819578742,0.02722331778173248,0.0002
2025-06-09,-0.012112593173793651,0.013876093965914382,0.00503847952719072,-0.005231399865273656,0.01596666198436103,0.0002
2025-06-10,0.006056093323405287,0.014254074620932533,-0.003870967741935405,0.01201625219721647,0.0029034934095308884,0.0002
2025-06-11,-0.01919376326047262,-0.006998880179171385,0.003609954981737884,-0.011759681093394092,-0.020265612793529786,0.0002
2025-06-12,0.0021128886205854513,-0.009303636876233479,0.013224154712030867,-0.0011236926268475278,0.00018761726078819763,0.0002
2025-06-13,-0.013805220883534086,-0.005862265224815033,-0.008165055234197194,-0.015129225799007773,-0.005346088913899871,0.0002
2025-06-16,0.01002799694578771,0.012022671323066447,0.008800741115041255,0.028189845797882418,0.01885902876001877,0.0002
2025-06-17,-0.014010684406813856,-0.004638796175821858,-0.002295779939057385,-0.006964621432233753,-0.005923183711244784,0.0002
2025-06-18,0.004804743406256584,-0.014947428246660954,0.004602125345159358,-0.002094000545013852,-0.010706638115631661,0.0002
2025-06-20,0.02248448468816755,-0.03854142626355883,-0.00591370981176087,-0.019287983097862726,-0.013316393751176436,0.0002
2025-06-23,0.0024875621890547706,-0.008701392222755566,0.018014243820695386,0.02371217117315161,-0.0058181124517144855,0.0002
2025-06-24,-0.005955334987593042,0.009564743628549088,0.008456790123456903,0.01956966773080615,0.020626469036312267,0.0002
2025-06-25,0.006290564153769385,0.023445463812436174,0.0044071738997366605,-0.004942431901151512,-0.0036659303473234317,0.0002
2025-06-26,-0.0027783290335383626,0.01675650339817203,0.01052268064273676,0.02456680024834923,0.0241992546818246,0.0002
2025-06-27,0.0003980099502487455,0.0287541777111906,-0.0030354809528595483,0.01038438761035132,0.028463522476050107,0.0002
2025-06-30,0.02034016311915643,-0.012882988853414101,0.0029640682340605906,0.0060793588048471126,-0.01751007613076594,0.0002
2025-07-01,0.012916118340888127,-0.002213017079952251,-0.010775818741078802,-0.02556598788765596,0.004877159396508679,0.0002
2025-07-02,0.022230776633625382,0.015923566878980777,-0.0019510212376792069,-0.00785573259920469,-0.002449423931779049,0.0002
2025-07-03,0.005225004707211545,0.0049820868786387695,0.015781221364719267,0.007623638886163908,0.015869407057111706,0.0002
2025-07-07,-0.016857878716928232,-0.01526207319111017,-0.0022452088846122153,-0.0009179288187924906,0.0002685645226265798,0.0002
2025-07-08,0.0002857823291260164,-0.013745121330391852,-0.002210077955477008,0.0032296234426114623,-0.018391730433615194,0.0002
2025-07-09,0.005380696157325726,0.01296168846065604,0.013873786798759502,0.01680380756795752,0.014496717724288732,0.0002
2025-07-10,0.006014966373022679,0.005661872947571034,-0.004031697483664609,-0.007560250006823255,-0.0012582007728947353,0.0002
2025-07-11,-0.005884845346264322,0.014469091318545235,0.003669139347531214,-0.013379352070843176,0.012417888958877077,0.0002
2025-07-14,-0.012028793332070409,0.007603085631832984,-0.000596042279265685,0.004752547002829122,0.002977513109945651,0.0002
2025-07-15,0.0023487680951010947,0.0024234412866270816,0.005566379070414795,-0.014606336347999793,0.0029243652798085495,0.0002
2025-07-16,0.005021280665678196,0.005329670329670355,-0.00039539757225892647,-0.010529427497571797,-0.013960680362270828,0.0002
2025-07-17,-0.0006661591168632963,0.003333879871017187,0.012024840789525593,-0.002133985858786991,0.003091536359155933,0.0002
2025-07-18,0.00552328349680975,0.00806188037912614,-0.0032245456322063104,0.004091758030253301,0.010050026800071388,0.0002
2025-07-21,0.006155885974050479,0.027234410461471903,1.9605920988041703e-05,0.012331743056738897,0.014018484942289966,0.0002
2025-07-22,0.009036144578313365,0.006522882693319243,-0.009391052033094205,-0.01143814913775587,-0.007980811164413515,0.0002
2025-07-23,-0.0011660447761193682,-0.005801191596111699,0.00118748391948853,0.012443069763482528,0.0036048709719962435,0.0002
2025-07-24,-0.0018211533971516092,0.010198181149135177,0.009903730207365458,0.0017096891729027064,0.017258749835735276,0.0002
2025-07-25,0.0005613772455090871,0.005255763126398527,0.00553946132164107,-0.0029658645775042514,-0.0034017999397149,0.0002
2025-07-28,0.000794838227043293,-0.003105911585050136,-0.002355414533491751,0.006945613739686829,0.005833045281714355,0.0002
2025-07-29,-0.012987619715019827,0.016460691660608484,0.00013658536585370307,-0.024566977411758173,-0.00764637656256717,0.0002
2025-07-30,-0.010507880910682998,0.003984674329502003,0.0013071385371752342,-0.0068428571428570395,-0.0035496298861520392,0.0002
2025-07-31,-0.0070796460176991705,-0.023558744212079596,0.039474709687475684,0.1125271500697631,0.017029410486989027,0.0002
2025-08-01,-0.02500361323890732,-0.0144346013548724,-0.017600749765698143,-0.030293235415804753,-0.08269616846781436,0.0002
2025-08-04,0.004792963731593991,0.031248347697351075,0.021999198641506457,0.035146198050692634,-0.014435389988358582,0.0002
2025-08-05,-0.002114580772067942,-0.0018970467596390872,-0.01473004256590249,-0.0166286693200407,0.009922041105598911,0.0002
2025-08-06,0.050906761285235635,0.007294395643910212,-0.005324490762671608,0.011172818484268987,0.040046783625731,0.0002
2025-08-07,0.03179366940211015,0.002192870620633336,-0.007810416428544298,-0.013160792238241403,0.00368854302550492,0.0002
2025-08-08,0.04235786029177846,0.024933848972114703,0.002303970509177411,0.009805337148707682,-0.00197194460628336,0.0002
2025-08-11,-0.009461521691737418,-0.002085195114685634,-0.0005172017469925461,-0.004458598726114538,-0.00624186088284151,0.0002
2025-08-12,0.01087243595386922,0.01164179104477614,0.014316652931368301,0.03150665256505669,0.0007681879801173519,0.0002
2025-08-13,0.016024384933594593,-0.006786662732369386,-0.01636308669034836,-0.01255696202531642,0.013952228292771096,0.0002
2025-08-14,-0.0023571765310933523,0.004852446028916546,0.003649775250681886,0.002627935596348996,0.028589241182757297,0.0002
2025-08-15,-0.005112123034624938,0.004730462205577934,-0.004421221864951863,0.003963535473642477,0.00021646895835147895,0.0002
2025-08-18,-0.0030225830130835574,-0.0019617459538989745,-0.005901916681084862,-0.022744928237586448,0.0019910834090810514,0.0002
2025-08-19,-0.0014292520247736196,-0.009484029484029488,-0.014175207890156694,-0.020707090451802856,-0.015033046783878401,0.0002
2025-08-20,-0.019734559333795976,-0.011162375353475196,-0.007944759401298573,-0.005003459839250546,-0.01842024472610848,0.0002
2025-08-21,-0.0049112871111897105,0.0021573349387919993,-0.0029265206042869973,-0.011528379607339656,-0.00831062061570087,0.0002
2025-08-22,0.012716763005780285,0.031739674593241674,0.005929716008250097,0.021228521174401216,0.031043027708943516,0.0002
2025-08-25,-0.0026343519494204104,0.011645397641806943,-0.005855331900715743,-0.001974059009790863,-0.003932878867330958,0.0002
2025-08-26,0.009464694488466208,-0.0064751307017124615,-0.004402490778566581,0.001061993893535229,0.0033780819513906657,0.0002
2025-08-27,0.005145872399808127,0.001641401950371657,0.009361803840331362,-0.008911284975467448,0.0017926631979361396,0.0002
2025-08-28,0.008980866848887104,0.020050125313283207,0.005722855902435153,0.00499076774866869,0.0108240223463687,0.0002
2025-08-29,-0.001805985552115641,0.006000756000756002,-0.005788399654658161,-0.01652221379025709,-0.011226252158894612,0.0002
2025-09-02,-0.010424743689153027,-0.007327039594194784,-0.00309854151453548,-0.004859888994178996,-0.015982532751091738,0.0002
2025-09-03,0.038089848511231095,0.09136503430328835,0.0004553373455813414,0.002639060820829542,0.0028845300434898746,0.0002
2025-09-04,0.005493353461651473,0.0071100320818522356,0.005184525576333199,0.0157384166610135,0.042878003451480184,0.0002
2025-09-05,-0.00037534406539330156,0.01162290142057687,-0.025533003917554198,0.005075803112268851,-0.01421418873048197,0.0002
2025-09-08,-0.007551420584922197,-0.004085106382978765,0.006464646464646506,-0.0001993487939399019,0.015107820772177538,0.0002
2025-09-09,-0.014839414831007258,0.023884806016065685,0.00042151746286633873,0.017812043067925165,0.010176390773405819,0.0002
2025-09-10,-0.03225944100704081,-0.0019196260902224482,0.0039325053670671295,-0.017918244743372114,-0.03320181329751515,0.0002
2025-09-11,0.014286344195070466,0.005017351674541093,0.0012790535004096881,-0.0014362084097981898,-0.0016498067989407783,0.0002
2025-09-12,0.017562926574794524,0.0017889087656530744,0.01774415680325747,0.006245838327340492,-0.007827788649706346,0.0002
2025-09-15,0.011235955056179803,0.04489202657807301,0.010707981957246648,0.012056803292791018,0.014376506684198986,0.0002
2025-09-16,0.006125897760878907,-0.0017884821747944368,-0.012263272275690795,0.018700143847260264,0.011320917772112526,0.0002
2025-09-17,0.0035271887465881946,-0.006489886924669563,0.0019251925192518282,-0.004216944801026967,-0.010382396923734327,0.0002
2025-09-18,-0.004644545796895327,0.010018835410571914,-0.003078310654484162,0.005846219294457278,-0.0016837924186167141,0.0002
2025-09-19,0.03203295779384563,0.01067333253977698,0.018644901170223216,-0.002396667734700375,0.0010811745880725532,0.0002
2025-09-22,0.04309572301425657,-0.008597675879396971,-0.006719054698511195,-0.016983992394460357,-0.016632106445481187,0.0002
2025-09-23,-0.006443298969072031,-0.003445135231457619,-0.010146758674312473,-0.01275550211720422,-0.030400210868514632,0.0002
2025-09-24,-0.008332350744802097,-0.017960740681872367,0.0018066492547570423,0.00696319830553338,-0.0022654161569480857,0.0002
2025-09-25,0.01807300542982837,-0.005462490895848493,-0.006115848279917735,-0.015447111718770556,-0.00935470687071438,0.0002
2025-09-26,-0.00548915793981386,0.0030513853289393378,0.008737155592371204,-0.006890013486266611,0.007471922988769197,0.0002
2025-09-29,-0.0040319423784546116,-0.01009978096860542,0.006139287529816739,-0.00047058823529411153,0.010874510874510745,0.0002
2025-09-30,0.0007860708249813886,-0.003892644949805457,0.00650991061018269,-0.012133440947000196,-0.011702750146284302,0.0002
2025-10-01,0.0032203589522050713,0.007404360345536931,0.0033980113910609955,-0.023203246275769973,0.004827617616250057,0.0002
2025-10-02,0.0065766294773927925,0.003225806451612856,-0.007638875526736144,0.013536119552792103,0.008067805828763097,0.0002
2025-10-03,0.0034612841753198786,-0.0013838577068664426,0.003121728002482005,-0.02268069596313871,-0.013038982060159188,0.0002
2025-10-06,-0.005154639175257714,0.020705115141634423,0.021687445636416447,0.007177437514073404,0.006332285545077809,0.0002
2025-10-07,-0.000818107444777616,-0.018647925568023083,-0.008683807253533127,-0.0036050638571387683,0.003983703033046515,0.0002
2025-10-08,0.006160324391765393,-0.004638671875,0.0016603687163632141,0.006675267852134459,0.015510866624582897,0.0002
2025-10-09,-0.01557777261102078,-0.012631837135148372,-0.004668000381061299,0.021829377019948693,0.011189059586182548,0.0002
2025-10-10,-0.03452212250039355,-0.020535751252432455,-0.02189892802450233,-0.0384589167155186,-0.04992535347325899,0.0002
2025-10-13,0.009744363354670327,0.03204125628777965,0.006047440112728841,0.014745498369488352,0.017100337385034914,0.0002
2025-10-14,0.0004441573124445153,0.00532459553553144,-0.0009337613072656348,-0.00985049601788468,-0.01672195210614813,0.0002
2025-10-15,0.006336521774226167,0.022733754328783995,-0.00027260159277231466,0.012559091229803032,-0.0037894542261657227,0.0002
2025-10-16,-0.007580011229646355,0.0017129426761741673,-0.0035447870206258836,-0.007637098460037461,-0.00510275084659273,0.0002
2025-10-17,0.0195595069711052,0.007317267159786756,0.0038505893160807325,0.006804106337859883,-0.0066675991980230664,0.0002
2025-10-20,0.03943874113123802,0.01283063560994857,0.0062502433895399445,0.021278673203936282,0.016147202403304473,0.0002
2025-10-21,0.0020210494203782847,-0.02373806275579815,0.0016834691073743802,0.0015023833262766129,0.025637472283813745,0.0002
2025-10-22,-0.016440232903299434,0.0049109638265592,0.005563497276204421,0.00019092557993638515,-0.018375895149304156,0.0002
2025-10-23,0.0043722189978718795,0.005522666772617146,3.842163906697671e-05,0.0008044613517677046,0.014406974076623058,0.0002
2025-10-24,0.012481701209646312,0.027027027027026973,0.005859074842477385,0.005940054495912728,0.014111900131168253,0.0002
